{
  "LORSTransformerDRL": {
    "CR (%)_mean": 216.75232562514057,
    "CR (%)_std": 8.545456289046195,
    "CR (%)": 216.75232562514057,
    "Sharpe_mean": 0.2149890842364949,
    "Sharpe_std": 0.00857319130397177,
    "Sharpe": 0.2149890842364949,
    "MDD (%)_mean": 41.790319120720326,
    "MDD (%)_std": 1.5642007341235988,
    "MDD (%)": 41.790319120720326,
    "Win (%)_mean": 58.141258037479744,
    "Win (%)_std": 0.6579086459578946,
    "Win (%)": 58.141258037479744,
    "n_seeds": 5
  },
  "CNN_DQN": {
    "CR (%)_mean": 199.67208562465564,
    "CR (%)_std": 6.6502799837852224,
    "CR (%)": 199.67208562465564,
    "Sharpe_mean": 0.16177543855712367,
    "Sharpe_std": 0.006060253560373513,
    "Sharpe": 0.16177543855712367,
    "MDD (%)_mean": 47.922273910240854,
    "MDD (%)_std": 1.3084376124794006,
    "MDD (%)": 47.922273910240854,
    "Win (%)_mean": 54.665495158282155,
    "Win (%)_std": 0.7324668960041191,
    "Win (%)": 54.665495158282155,
    "n_seeds": 5
  },
  "DQN_MLP": {
    "CR (%)_mean": 135.64734786981936,
    "CR (%)_std": 4.517871587157998,
    "CR (%)": 135.64734786981936,
    "Sharpe_mean": 0.18574217019521605,
    "Sharpe_std": 0.006958068902651066,
    "Sharpe": 0.18574217019521605,
    "MDD (%)_mean": 42.3196698622795,
    "MDD (%)_std": 1.1554678707281565,
    "MDD (%)": 42.3196698622795,
    "Win (%)_mean": 53.868912350875505,
    "Win (%)_std": 0.7217934257526953,
    "Win (%)": 53.868912350875505,
    "n_seeds": 5
  },
  "Transformer_DQN": {
    "CR (%)_mean": 136.8630074474428,
    "CR (%)_std": 4.5583603541825735,
    "CR (%)": 136.8630074474428,
    "Sharpe_mean": 0.10685167855316194,
    "Sharpe_std": 0.00400276006765411,
    "Sharpe": 0.10685167855316194,
    "MDD (%)_mean": 51.22380843850381,
    "MDD (%)_std": 1.398580496011385,
    "MDD (%)": 51.22380843850381,
    "Win (%)_mean": 55.66122366754049,
    "Win (%)_std": 0.7458087338184041,
    "Win (%)": 55.66122366754049,
    "n_seeds": 5
  },
  "ChaoticRNN_DQN": {
    "CR (%)_mean": 85.60269525765298,
    "CR (%)_std": 2.8510840113133016,
    "CR (%)": 85.60269525765298,
    "Sharpe_mean": 0.12282949964522354,
    "Sharpe_std": 0.0046013036291724825,
    "Sharpe": 0.12282949964522354,
    "MDD (%)_mean": 46.82176240081987,
    "MDD (%)_std": 1.2783899846354085,
    "MDD (%)": 46.82176240081987,
    "Win (%)_mean": 57.25438928235381,
    "Win (%)_std": 0.7671556743212563,
    "Win (%)": 57.25438928235381,
    "n_seeds": 5
  },
  "GRU_DQN": {
    "CR (%)_mean": -22.305077954757905,
    "CR (%)_std": 0.8660392381889891,
    "CR (%)": -22.305077954757905,
    "Sharpe_mean": 0.04593623563967709,
    "Sharpe_std": 0.0017208127393653178,
    "Sharpe": 0.04593623563967709,
    "MDD (%)_mean": 39.71846084001173,
    "MDD (%)_std": 1.0844462049150791,
    "MDD (%)": 39.71846084001173,
    "Win (%)_mean": 55.76079651846633,
    "Win (%)_std": 0.7471429175998308,
    "Win (%)": 55.76079651846633,
    "n_seeds": 5
  },
  "LSTM_DQN": {
    "CR (%)_mean": -71.06042534259156,
    "CR (%)_std": 2.75906305971714,
    "CR (%)": -71.06042534259156,
    "Sharpe_mean": 0.028959800729361645,
    "Sharpe_std": 0.0010848602052520489,
    "Sharpe": 0.028959800729361645,
    "MDD (%)_mean": 28.913438747514828,
    "MDD (%)_std": 0.7894331315376769,
    "MDD (%)": 28.913438747514828,
    "Win (%)_mean": 55.959942220318,
    "Win (%)_std": 0.7498112851626901,
    "Win (%)": 55.959942220318,
    "n_seeds": 5
  },
  "LORSTransformer": {
    "CR (%)_mean": -66.32306365308544,
    "CR (%)_std": 2.575125522402661,
    "CR (%)": -66.32306365308544,
    "Sharpe_mean": 0.030957028365869343,
    "Sharpe_std": 0.0011596781504418445,
    "Sharpe": 0.030957028365869343,
    "MDD (%)_mean": 35.61655430489717,
    "MDD (%)_std": 0.9724505011329185,
    "MDD (%)": 35.61655430489717,
    "Win (%)_mean": 52.674038139765514,
    "Win (%)_std": 0.7057832203755552,
    "Win (%)": 52.674038139765514,
    "n_seeds": 5
  },
  "Random": {
    "CR (%)_mean": -72.44215583536416,
    "CR (%)_std": 2.812711508100523,
    "CR (%)": -72.44215583536416,
    "Sharpe_mean": 0.11384197528093887,
    "Sharpe_std": 0.004264622875818403,
    "Sharpe": 0.11384197528093887,
    "MDD (%)_mean": 51.22380843850381,
    "MDD (%)_std": 1.398580496011385,
    "MDD (%)": 51.22380843850381,
    "Win (%)_mean": 54.665495158282155,
    "Win (%)_std": 0.7324668960041191,
    "Win (%)": 54.665495158282155,
    "n_seeds": 5
  }
}